video_id,channel_title,video_title,upload_date,view_count,like_count,dislike_count,comment_count
76K8D_cwcvU,小高姐的 Magic Ingredients,素五鲜水饺,2023-01-21,80071,4444,,399
FWG_1oZTcS0,小高姐的 Magic Ingredients,蒜蓉虾仁 Garlic Shrimp,2023-01-13,129069,5227,,369
JpIymnVO5eY,小高姐的 Magic Ingredients,搓麻食,2022-12-21,107346,4907,,485
1q_I5IHdrdE,小高姐的 Magic Ingredients,灌蛋油条 油条简单做法,2022-11-03,170599,6627,,362
8P5TlolEPL0,小高姐的 Magic Ingredients,麻酱烧饼,2022-10-20,169710,7426,,383
C_ieBg4xZOk,小高姐的 Magic Ingredients,全麦吐司 (50% 全麦）,2022-10-11,100524,4187,,279
v77h09t7X-0,小高姐的 Magic Ingredients,卤汁凉粉,2022-09-24,168257,7449,,642
m9d-1QqbCOU,小高姐的 Magic Ingredients,小炒茄子,2022-06-14,443197,14786,,724
XTH2UckRDTQ,小高姐的 Magic Ingredients,蜜豆尖角粽,2022-06-02,188562,6723,,436
rfPpPtUiBqQ,小高姐的 Magic Ingredients,家常葱油饼,2022-05-30,409737,14085,,594
hioOf9GjZWg,小高姐的 Magic Ingredients,那不勒斯披萨  How to Make Neapolitan Pizza at Home,2022-05-18,220970,7893,,531
8r2DWmbe358,小高姐的 Magic Ingredients,薄如纸 细如丝 手工长寿面,2022-05-01,303660,11442,,758
rxIS1rJ6M08,小高姐的 Magic Ingredients,汤种面包,2022-04-15,366224,11661,,724
27gs2JPmNiQ,小高姐的 Magic Ingredients,春卷皮 润饼皮,2022-03-30,362209,12130,,643
sSWA3mTgTq0,小高姐的 Magic Ingredients,炸鸡汉堡 Spicy Chicken Sandwich,2022-03-10,228625,7187,,358
fswcwX93uG8,小高姐的 Magic Ingredients,超脆薯条 Super Crispy Fries,2022-03-10,195534,6240,,367
AxUfEKI1ww8,小高姐的 Magic Ingredients,汉堡面包 Brioche Burger Buns,2022-02-28,222515,7502,,402
hdRAjpu7RkY,小高姐的 Magic Ingredients,花生汤圆 Sweet Rice Balls,2022-02-13,617129,20493,,895
lRhN263_W_Y,小高姐的 Magic Ingredients,百财饺子 Fortune Dumplings,2022-01-30,562532,19097,,845
ml3R3GqnmUQ,小高姐的 Magic Ingredients,馒头为什么塌陷,2022-01-07,1358439,34280,,2047
4de35XN-XdU,小高姐的 Magic Ingredients,鸡蛋灌饼 2.0 Egg Stuffed Paratha,2021-12-23,338170,10019,,449
KAKIYOsSSxk,小高姐的 Magic Ingredients,凤梨酥,2021-12-01,638948,17226,,1222
zq2RWPwbcaQ,小高姐的 Magic Ingredients,细薯条 Shoestring Fries,2021-11-17,184627,5725,,336
s11_UuiS0FI,小高姐的 Magic Ingredients,刀削面 Sliced Noodles,2021-11-04,346337,10264,,685
-83188U6O8w,小高姐的 Magic Ingredients,葡式蛋挞 Portuguese Egg Tarts,2021-10-23,875088,19830,,874
55X8M68rCiQ,小高姐的 Magic Ingredients,葱油酥饼 Scallion Pancakes,2021-10-06,1614606,35456,,1180
1kejwmJ84Bk,小高姐的 Magic Ingredients,奶香月饼 Mooncakes,2021-09-19,676433,15717,,783
2EzQiuPmbGg,小高姐的 Magic Ingredients,豌豆凉粉,2021-09-11,283148,8103,,596
sjEP07HHKC8,小高姐的 Magic Ingredients,蒜香虾仁凉面 Shrimp Noodles (cold),2021-08-28,451303,15019,,617
uelEUHAswIw,小高姐的 Magic Ingredients,红焖羊肉 Braised Lamb,2021-08-15,416116,9304,,560
_edTKRGk38Y,小高姐的 Magic Ingredients,薄饼快速制作 Quick Flatbread,2021-08-03,1162339,31221,,1326
gwdsNkqbu8g,小高姐的 Magic Ingredients,"煎包  Pan Fried Buns, 软面包子包法",2021-07-19,1193133,28561,,1428
-P_FI0g5pdw,小高姐的 Magic Ingredients,咖喱角 Samosa,2021-07-11,276436,7893,,655
wpj2sppTEzk,小高姐的 Magic Ingredients,舒芙蕾 Soufflé,2021-06-30,1954610,47486,,1463
YVDFbWR_h5A,小高姐的 Magic Ingredients,鸡蛋灌饼,2021-06-21,1003693,31039,,1413
kko5x0P0Cbg,小高姐的 Magic Ingredients,薄皮馅饼 Stuffed Flatbread,2021-06-14,627424,17556,,836
Cb5NAXDZ5gc,小高姐的 Magic Ingredients,蜜枣紫米粽 Rice Dumplings,2021-06-05,218430,7206,,651
_UbDhNDraVQ,小高姐的 Magic Ingredients,超软蜂蜜面包 Soft Dinner Rolls,2021-05-30,624899,15290,,960
Exw7vHVWLbo,小高姐的 Magic Ingredients,丹麦吐司 Croissant Loaf,2021-05-16,612556,15202,,890
etSdP9CFmko,小高姐的 Magic Ingredients,红烧牛仔骨 Braised Beef Ribs,2021-05-04,360765,9386,,605
8Fg83QQi-0o,小高姐的 Magic Ingredients,酸菜炒米 Fried Rice  如何处理米饭  How to Prepare Rice,2021-04-26,244779,7650,,573
T9ujysGFgYw,小高姐的 Magic Ingredients,蒜蓉西兰花  Garlic Broccoli,2021-04-18,460494,12699,,689
5Q4HACvSNQI,小高姐的 Magic Ingredients,粉蒸牛肉,2021-04-11,572626,14605,,764
x3X24u6XCvE,小高姐的 Magic Ingredients,薄煎饼 Thin Crepes  煎饼应该用豆粉，玉米粉，还是面粉？,2021-03-25,259014,8091,,627
C1desj-fb54,小高姐的 Magic Ingredients,豆沙包 Bean Paste Buns,2021-03-15,583635,12929,,754
TK670K3LYZc,小高姐的 Magic Ingredients,豆沙酥饼 Red Bean Pastry,2021-03-06,568003,13021,,729
Jsqhb8i4ntU,小高姐的 Magic Ingredients,蛋黄酥 Yolk Pastry,2021-02-24,1073170,19419,,1271
bGzbJpLExDM,小高姐的 Magic Ingredients,16种实用饺子包法 16 Ways to Wrap a Dumpling,2021-02-12,5283786,89896,,2184
OBZVkExf27I,小高姐的 Magic Ingredients,羊肉水饺 Lamb Dumplings 如何把饺子做好,2021-02-05,897545,19092,,1447
a8F8Wg6Oc9g,小高姐的 Magic Ingredients,炸酸菜 Deep Fried Cabbage,2021-01-25,256852,6858,,886
-D5Yhx8allM,小高姐的 Magic Ingredients,酸菜炖牛尾 Oxtail Stew with Sauerkraut,2021-01-21,212257,5836,,506
5oxCz8CAQ5M,小高姐的 Magic Ingredients,酸白菜,2021-01-12,995884,22501,,2746
m-os629kYS0,小高姐的 Magic Ingredients,低温水浴牛排 Sous Vide Steak,2021-01-02,814656,19050,,1449
ZngMJttLhOE,小高姐的 Magic Ingredients,煎三文鱼 电饭锅低温水浴法 Sous Vide Salmon with a Rice Cooker,2020-12-26,460342,13034,,1124
ObPVbZZcqho,小高姐的 Magic Ingredients,炒鸡肉丝 / 鸡肉片技巧  炒菜公式   Chicken Stir Fry,2020-12-19,1070221,26361,,1027
mDmpQs2_k5E,小高姐的 Magic Ingredients,疙瘩汤,2020-12-10,306806,9565,,679
qNXLN--WeYk,小高姐的 Magic Ingredients,焖烧牛排骨 Braised Beef Ribs,2020-12-02,493320,11742,,836
DLJqFbCvOFg,小高姐的 Magic Ingredients,炸薯角 Crispy Potato Wedges,2020-11-25,354247,11919,,547
LHEcT58pZis,小高姐的 Magic Ingredients,万能面团  All Purpose Dough,2020-11-15,489055,18777,,1160
qB7gPOgmLbc,小高姐的 Magic Ingredients,柳叶包  Leaf-shaped Buns,2020-11-07,1215573,17474,,723
Whexul2Zc4c,小高姐的 Magic Ingredients,绿豆糕,2020-10-20,1130532,22169,,1003
tCVyqacA8Co,小高姐的 Magic Ingredients,烤鸡 Roast Whole Chicken,2020-10-10,1365895,25205,,1190
GyHLW3eZBJ4,小高姐的 Magic Ingredients,炸鸡排 Fried Chicken,2020-10-03,2285072,99763,,1382
L7a1d4dj1rs,小高姐的 Magic Ingredients,冰皮月饼 Mooncake,2020-09-21,1571789,32219,,1893
s2R4V7kS8Y0,小高姐的 Magic Ingredients,番茄土豆汤 Tomato Potato Soup,2020-09-11,506337,15317,,801
TjPKfEODlrI,小高姐的 Magic Ingredients,蒸米蛋糕 Steamed Rice Cake,2020-09-02,1498751,28754,,1343
MFc9NFO-_5c,小高姐的 Magic Ingredients,炒面 Stir Fry Noodles,2020-08-25,376438,10143,,762
-mKIuuC-HuI,小高姐的 Magic Ingredients,牛奶 如何选择适合自己的牛奶,2020-08-19,202836,7984,,1008
QIqGeRnLGKk,小高姐的 Magic Ingredients,姜撞奶 Ginger Milk Curd,2020-08-11,816850,25206,,1596
fVG27JUuquo,小高姐的 Magic Ingredients,浆水鱼鱼,2020-08-05,547512,14852,,1690
YBPZ4xM4rj8,小高姐的 Magic Ingredients,酸豆肉末,2020-07-28,450310,12783,,1108
yXQgc2BPCfY,小高姐的 Magic Ingredients,滋卷 / 菜卷  Shrimp Vegetable Rolls,2020-07-19,987717,22598,,1219
3ivuzop0ohg,小高姐的 Magic Ingredients,拍黄瓜 Smacked Cucumber,2020-07-11,2346270,40774,,1041
2Elfd71pTDI,小高姐的 Magic Ingredients,萝卜丝饼 Radish Cake,2020-07-03,2264388,37351,,1470
VRR49IFR5LI,小高姐的 Magic Ingredients,土豆泥 Mashed Potatoes,2020-06-24,597827,67948,,1227
YfMyBAQWYcI,小高姐的 Magic Ingredients,凉面 Cold Noodles,2020-06-14,531942,14890,,797
mt_d0C4qejo,小高姐的 Magic Ingredients,甜甜圈 Nutella Stuffed Donuts,2020-06-07,1108433,26917,,1312
m6IstLiOT2M,小高姐的 Magic Ingredients,揉面技巧 Dough Kneading Techniques,2020-05-31,1067668,23625,,1281
OxqFpN0-sHA,小高姐的 Magic Ingredients,丸子汤,2020-05-19,714946,18663,,1032
RzgBmrh4yFo,小高姐的 Magic Ingredients,绣球面包 Challah Bread,2020-05-11,326136,8601,,896
YhOq_9fHdIY,小高姐的 Magic Ingredients,韭菜盒子,2020-05-02,1530850,28203,,1651
L36_cK7aRgk,小高姐的 Magic Ingredients,芝麻烧饼 Crispy Sesame Bread,2020-04-23,728173,15865,,961
XYbeLXgCbQo,小高姐的 Magic Ingredients,简单手工面包  Easy Handmade Bread,2020-04-16,1095980,21236,,1606
N0oqXwMjhDs,小高姐的 Magic Ingredients,手擀肉臊面 Handmade Noodles,2020-04-09,4203087,73282,,2473
r3ak-JxHdh0,小高姐的 Magic Ingredients,如何发面 Dough Fermentation,2020-04-02,1970144,34456,,1718
OgfG6QtdTEk,小高姐的 Magic Ingredients,法棍 Baguette,2020-03-24,1103126,24908,,2024
ZIWXcUrm_KE,小高姐的 Magic Ingredients,香葱饼干 Scallion Biscuits,2020-03-11,585717,12244,,790
A9cge3T2Fkg,小高姐的 Magic Ingredients,烧茄子 Eggplant Stir Fry,2020-03-03,731691,14733,,820
s8xtNdq1miI,小高姐的 Magic Ingredients,香辣土豆 Spicy Baby Potatoes,2020-02-19,559995,12196,,692
IUlJk8rgolE,小高姐的 Magic Ingredients,玉米饼 Corn Flatbread,2020-02-13,1346857,21080,,976
olAw2chcBow,小高姐的 Magic Ingredients,青椒牛肉 如何炒出嫩滑的牛肉  Beef Stir Fry,2020-02-06,1657799,27520,,1471
x4IUewzt02U,小高姐的 Magic Ingredients,作业合集 谁的作品 请来认领,2020-01-31,294178,8431,,802
zsQr0SAuCHA,小高姐的 Magic Ingredients,千层肉饼 Thousand Layer Beef Pie,2020-01-16,1188856,24728,,1096
qAA8jA5Nu3M,小高姐的 Magic Ingredients,油泼辣子 Chili Oil,2020-01-07,611138,18102,,841
8Anl7NybqJk,小高姐的 Magic Ingredients,火锅 Hot Pot,2019-12-30,561506,24341,,2512
c-hNWudWc2s,小高姐的 Magic Ingredients,蛋糕卷 / 瑞士卷 Swiss Roll Cake 技巧分享 不开裂 不掉皮,2019-12-23,2712945,37265,,1367
IQ-t8eSSD3Y,小高姐的 Magic Ingredients,香草冰淇淋 Vanilla Ice Cream 经典冰淇淋 手工制作,2019-12-14,1138426,23869,,1378
Ju9SdmO7tGA,小高姐的 Magic Ingredients,炒拉条子 Fried Hand Pulled Noodles,2019-12-08,724669,18421,,1238
e_s8xMEfseo,小高姐的 Magic Ingredients,酱油炒饭 Soy Sauce Fried Rice,2019-11-30,644606,15112,,866
PoAS6vNm2e4,小高姐的 Magic Ingredients,红烧小羊腿 Braised Lamb Shanks,2019-11-24,626229,12418,,814
ScbNR-IdfAA,小高姐的 Magic Ingredients,印度烤饼 Garlic Naan,2019-11-17,1909985,41664,,2260
GBecgW3WSfc,小高姐的 Magic Ingredients,自制黄油 Homemade Butter,2019-11-09,4135501,138091,,3522
Vjlr4SgE_DM,小高姐的 Magic Ingredients,奶酪蛋糕 Cheesecake,2019-11-01,392490,7308,,638
Tgupe9HrEtA,小高姐的 Magic Ingredients,贝果 Bagels,2019-10-26,595325,11504,,908
9WtfiBmgFi4,小高姐的 Magic Ingredients,奶油奶酪制作 Homemade Cream Cheese,2019-10-19,754216,17336,,814
RzAhcPJSm3k,小高姐的 Magic Ingredients,早餐鸡蛋饼 Savory Crepe,2019-09-25,1477722,30508,,1067
B0XOYIaMd4g,小高姐的 Magic Ingredients,虾仁蒸饺 Shrimp Dumplings,2019-09-19,758582,17423,,806
25LYcG0Pt38,小高姐的 Magic Ingredients,椒盐五仁月饼 Five-nut Mooncakes,2019-09-10,1961830,45030,,2061
SiQE6w40yeU,小高姐的 Magic Ingredients,盐酥鸡  Chicken Popcorn,2019-08-29,1959452,39435,,1988
G6HJXL_xK80,小高姐的 Magic Ingredients,焦糖布丁 Crème Caramel,2019-08-23,1744933,35246,,1479
S-sZI6WGcR4,小高姐的 Magic Ingredients,麻辣熏鸡腿 Spicy Smoked Chicken Legs,2019-08-13,826864,17670,,977
HFJLdRA8qRw,小高姐的 Magic Ingredients,西葫芦饼 Zucchini Pancakes,2019-08-07,604218,11807,,776
SyM3jMFjess,小高姐的 Magic Ingredients,日式轻乳酪蛋糕 Japanese Cheesecake,2019-07-30,4139493,68745,,2869
BStgIeNQrRk,小高姐的 Magic Ingredients,凉粉 透明且有韧性的凉粉做法 Mung Bean Jelly,2019-07-12,1645986,31070,,2009
vWJywvoTjuM,小高姐的 Magic Ingredients,海鲜煎饼 Seafood Pancakes,2019-07-02,996460,19067,,681
j6QVg9I0BxE,小高姐的 Magic Ingredients,汉堡包 Cheeseburger 汉堡肉饼多汁的秘密,2019-06-21,995482,21543,,1318
l5yLinsB0V0,小高姐的 Magic Ingredients,土豆面包 Potato Bread,2019-06-15,932858,18142,,1030
ALUkX6d5I1w,小高姐的 Magic Ingredients,肉粽 香菇鸡肉粽,2019-06-07,989519,17354,,926
fS7yzGb8q3g,小高姐的 Magic Ingredients,牛肉夹馍 (下） 坨坨馍的做法,2019-06-01,631675,10696,,568
Z1rNXs6Vtms,小高姐的 Magic Ingredients,牛肉夹馍 （上）牛肉的做法,2019-05-24,490058,8064,,768
f7f9WQzYhVs,小高姐的 Magic Ingredients,香酥辣椒 Super Crispy Chilies,2019-05-08,417029,13222,,778
2DAX6ypPFI0,小高姐的 Magic Ingredients,蒜香面包 Garlic Bread / Star Bread,2019-04-28,2874992,48920,,2319
CfKFiBhqP5U,小高姐的 Magic Ingredients,香蕉蛋糕 Banana Bread,2019-04-20,1443678,21664,,1239
JBN-k3-noVo,小高姐的 Magic Ingredients,番茄肉酱意面  Spaghetti with Meat Sauce,2019-04-12,1180751,16560,,688
s1AGZVxOK_k,小高姐的 Magic Ingredients,蒜香虾仁意面 Shrimp Alfredo,2019-04-05,1728543,31139,,1027
dk0U98JzhBg,小高姐的 Magic Ingredients,手工意面 Fresh Pasta without Machine,2019-03-30,335301,7771,,741
d26wxvsphOI,小高姐的 Magic Ingredients,印度奶茶 Indian Tea / Masala Chai,2019-03-24,355709,9606,,708
RVr0Do14_JA,小高姐的 Magic Ingredients,印度薄饼 Super Soft roti / Chapati,2019-03-20,598646,12596,,1043
z1Ywh2a8EWs,小高姐的 Magic Ingredients,咖喱羊肉 Curry Lamb,2019-03-07,563259,10738,,1066
hLKmFQtbLUc,小高姐的 Magic Ingredients,焦糖 / 老糖 Sponge Toffee,2019-03-01,439773,11704,,986
YNzGZMLWY_Q,小高姐的 Magic Ingredients,巧克力冰淇淋 Chocolate Ice Cream,2019-02-22,556612,10042,,589
t-pop_dGsgc,小高姐的 Magic Ingredients,芝麻汤圆 Sweet Rice Dumplings 简单手法包汤圆,2019-02-15,2498718,43439,,1706
tRLYIYClKnQ,小高姐的 Magic Ingredients,拔丝地瓜 Basi Sweet Potatos 两种熬糖浆方法，哪个会胜出？,2019-02-08,525469,9393,,579
3GeG8wzJXdU,小高姐的 Magic Ingredients,烤鱼  BBQ Fish 从鱼背开鱼的方法和步骤,2019-01-31,2524138,28832,,1348
HRa-at77s4A,小高姐的 Magic Ingredients,烧牛尾 Oxtail Stew,2019-01-25,1266811,20539,,1365
50vc67EXTwk,小高姐的 Magic Ingredients,葱油曲奇 Savory Butter Cookies 酥得掉渣 入口即化 还美的像花儿,2019-01-18,904905,15692,,1294
lJBecnsQ0vo,小高姐的 Magic Ingredients,芥菜炒黄豆 Vegetable Stir Fry with Soybeans  超级下饭家常菜,2019-01-10,165760,4541,,454
kg6dm8535TI,小高姐的 Magic Ingredients,鸡肉煎饺 Chicken Dumplings,2018-12-31,3640635,95562,,4346
HV-vaC7nDlo,小高姐的 Magic Ingredients,轻乳酪蛋糕 Cotton Cheese Cake,2018-12-27,5501287,81897,,2911
UufMjnYZcI8,小高姐的 Magic Ingredients,巧克力戚风蛋糕 Chocolate Chiffon Cake,2018-12-18,2589220,37906,,2219
amdln95X4hs,小高姐的 Magic Ingredients,小苏打和泡打粉的区别 Baking Soda vs Baking Powder,2018-12-12,1324518,17248,,749
nYQ5uc6plCs,小高姐的 Magic Ingredients,戚风蛋糕 Chiffon Cake,2018-12-05,4429728,57275,,4858
O3F3BmcL8sI,小高姐的 Magic Ingredients,蛋黄酱 /美乃滋 Mayonnaise 神奇就在眼前 液态油瞬间变固体,2018-11-28,590158,10801,,970
B8-4GHFjhDY,小高姐的 Magic Ingredients,小苏打和食用碱面的区别 Baking Soda vs Soda Ash,2018-11-22,692510,14583,,970
0WTVjgDHQE0,小高姐的 Magic Ingredients,香甜松软的早餐饼干 简单快捷 无需揉面 Cream Biscuits / Scones,2018-11-19,832070,14913,,985
ATEnM1YPQQE,小高姐的 Magic Ingredients,"披萨做法 Pizza Margherita, Cheese Pizza and  Steak Pizza",2018-11-10,2389901,35248,,2046
ghZ2KkX5mcM,小高姐的 Magic Ingredients,奶酪制作 Mozzarella cheese,2018-10-25,2245118,46293,,2102
_S9XLtKDx3g,小高姐的 Magic Ingredients,蒸鸡蛋羹 Savory Egg Custard  用科学的方法蒸出完美的蛋羹,2018-10-13,2393893,38512,,1769
DEuyrQS5bK4,小高姐的 Magic Ingredients,咸绿豆酥饼 Mung Bean Pastry  （素油版 / Vegetarian),2018-10-06,1371921,19220,,1192
A1RXjvkUk4Q,小高姐的 Magic Ingredients,盐煮花生 Boiled Peanuts,2018-10-03,174133,2990,,238
0rUB1eau_to,小高姐的 Magic Ingredients,发绿豆芽 Grow Mung Bean Sprouts 三个要点 一次成功,2018-09-28,3778323,29560,,1251
mxgqbCwU1nw,小高姐的 Magic Ingredients,牛筋冻肉 Beef Tendon Aspic,2018-09-26,259325,5255,,441
rtL8TVynNyg,小高姐的 Magic Ingredients,广式月饼 Mooncake,2018-09-20,2407383,51677,,2358
ijG7Yn96B-g,小高姐的 Magic Ingredients,转化糖浆 / 月饼糖浆  Invert Sugar Syrup,2018-09-18,1048943,16051,,1013
OMeWvORraxk,小高姐的 Magic Ingredients,灌汤包子 Soup Dumplings 详细图解教你包包子,2018-09-12,4201469,72598,,2886
NnJ8c0dJQY0,小高姐的 Magic Ingredients,华夫薯片 Waffle Fries,2018-09-08,381772,8637,,415
_yReBfDw2vU,小高姐的 Magic Ingredients,麻辣牛肉干  Spicy Beef Jerky,2018-08-24,424362,7818,,388
VkgWeCxZfi4,小高姐的 Magic Ingredients,沙琪玛  Saqima （Syrup and Egg Noodle Cake）,2018-08-21,1483858,21427,,1299
u-9NTsTT-m8,小高姐的 Magic Ingredients,西红柿鸡蛋汤 Tomato Egg Soup,2018-08-13,3594713,56727,,1617
oVEZF2FI5WQ,小高姐的 Magic Ingredients,玉米饼 Cornbread,2018-08-07,392614,7717,,494
4CvZGm2l3UM,小高姐的 Magic Ingredients,香酥牛肉饼  Niu Rou Bing （Extra Crispy Beef Patties）,2018-08-03,1037176,23114,,1299
9XJZQzthrgA,小高姐的 Magic Ingredients,菠菜面 / 蒜蘸面 Spinach Noodles with Garlic Sauce,2018-07-29,2398079,57637,,1380
ip-np8gtjM8,小高姐的 Magic Ingredients,煎土豆 Roasted Potatoes 只要四个原料 土豆油盐水 做到焦酥至极其实很容易,2018-07-25,2747110,39496,,1281
kS_e3Id4Tvc,小高姐的 Magic Ingredients,脆皮黄瓜 Crispy Cucumber Salad 调料用到的最少 奇妙的味觉组合让你食欲大开,2018-07-21,618490,10416,,287
RIqIo6_LMAc,小高姐的 Magic Ingredients,开口笑 Sesame Smiley,2018-07-18,537735,7915,,425
aFc_BgOmt8c,小高姐的 Magic Ingredients,甑糕 Jing-Gao,2018-07-14,800691,13591,,1330
_zVEKAtqfvk,小高姐的 Magic Ingredients,皮塔饼 Pita Bread 饼大如球 做法有趣 进来瞧瞧吧,2018-07-10,2656433,41140,,1481
uEs5orpQ9QU,小高姐的 Magic Ingredients,油麦菜加一杯小麦面粉 无需揉面 做出最有西北特色的一碗饭：麦饭,2018-07-06,291608,4981,,902
_K-TR-obPVg,小高姐的 Magic Ingredients,天妇罗  Shrimp Tempura,2018-07-03,959104,11152,,496
OMFJxnYWkfU,小高姐的 Magic Ingredients,凉拌莲藕 / 呛莲菜 Lotus Root Salad,2018-06-29,439601,8798,,311
JKOxU2hBlfA,小高姐的 Magic Ingredients,全麦面包 Whole Wheat Bread,2018-06-26,978591,15284,,985
Ru8F4vesAUo,小高姐的 Magic Ingredients,凉皮 Liangpi,2018-06-22,1016905,15246,,1008
mmZURDPBj8s,小高姐的 Magic Ingredients,"高筋粉, 中筋粉, 低筋粉区别 鲜为人知的知识点 解锁各类面食做法",2018-06-19,2478001,34935,,1089
UQaTXU3MFOQ,小高姐的 Magic Ingredients,可丽饼 French Crepes,2018-06-15,271171,5703,,326
AgBz3yupiE0,小高姐的 Magic Ingredients,粽子包法 碱水红豆粽 Red Bean Paste Zongzi,2018-06-11,1083092,12192,,732
mg1XeWsfHoQ,小高姐的 Magic Ingredients,红豆沙 Red Bean Paste,2018-06-08,1418484,18736,,730
oCsVPRiBWWs,小高姐的 Magic Ingredients,烤鸡翅 Oven Roast Chicken Wings,2018-06-07,2267759,28249,,1195
uAnXO0_ica0,小高姐的 Magic Ingredients,麻团 /煎堆 不开裂 不回缩的小技巧 Sesame Balls,2018-06-01,3239334,38129,,1376
VknoqZ9IZjc,小高姐的 Magic Ingredients,柔软牛奶吐司 无需机器 手工操作 Soft Milk Loaf,2018-05-29,6670087,89693,,4509
See5pQpQhzQ,小高姐的 Magic Ingredients,红豆饼 Red Bean Paste Bread,2018-05-25,1534507,21579,,1117
d7KyCdyUJ3U,小高姐的 Magic Ingredients,烤牛排骨 Oven Baked BBQ Beef Ribs,2018-05-22,498210,7859,,506
zetjQjqwpdc,小高姐的 Magic Ingredients,葱油饼 独特整形手法不留死角  饼身柔软 层次丰富  Scallion Pancakes,2018-05-18,2806712,122969,,1303
Vj9lM6iBo1U,小高姐的 Magic Ingredients,发面 烫面 死面 的区别和用途   面食基础,2018-05-15,2141604,36450,,1365
uIy2Aw35D-4,小高姐的 Magic Ingredients,葱油饼 吃腻了换个新吃法吧  盘丝饼,2018-05-12,2104940,31447,,1372
aqGJMloZWRc,小高姐的 Magic Ingredients,凉拌茄子 一个很好的方法  完美保留茄子的紫色,2018-05-07,5638788,195375,,2650
5zPqwH8AqXI,小高姐的 Magic Ingredients,面包 基础面团,2018-05-01,2246773,23319,,1628
sejsQ-FIJww,小高姐的 Magic Ingredients,土豆饼  烹饪基础系列 （4）,2018-04-24,1448641,21859,,879
6InWqwKEKGY,小高姐的 Magic Ingredients,花卷 浓浓葱油香 手法简单实用 一看就会,2018-04-20,2587368,31636,,1257
DwlD6gdXrF8,小高姐的 Magic Ingredients,酸辣土豆丝  烹饪基础系列 （3）,2018-04-17,1600832,25521,,1309
k_YkQSTvjLk,小高姐的 Magic Ingredients,番茄炒蛋 烹饪基础系列（2）,2018-04-12,1061715,19177,,1077
HC6bq-jkrJk,小高姐的 Magic Ingredients,蛋炒饭 Egg Fried Rice 烹饪基础系列 （1）,2018-04-06,738779,13524,,1653
EM4GwZujNwQ,小高姐的 Magic Ingredients,铸铁锅翻新  Restore a Rusty Cast Iron Skillet,2018-04-03,864243,19055,,958
9xb0z5c_v6c,小高姐的 Magic Ingredients,铁锅开锅 铁锅翻新 和 铁锅保养,2018-03-28,1465257,40997,,1275
M6DD504lDac,小高姐的 Magic Ingredients,包子 几个蒸包子的诀窍 失败是一件很困难的事情,2018-03-20,6907832,116733,,3459
_ZIBOOZFdK4,小高姐的 Magic Ingredients,鸡汤馄饨,2018-03-13,623485,14160,,553
KXwMjZCuc98,小高姐的 Magic Ingredients,手工馄饨皮,2018-03-09,1252970,18315,,882
YxJWnOaLbYY,小高姐的 Magic Ingredients,整鸡脱骨,2018-03-06,152284,2941,,311
1PMasL_48rA,小高姐的 Magic Ingredients,炒锅选购-3 铸铁锅 碳钢锅 中式炒锅 铁锅也可以无油煎鸡蛋,2018-02-28,1355791,32262,,1277
StnCItPM7v8,小高姐的 Magic Ingredients,炒锅选购-2 （玻璃锅 珐琅锅 不粘锅）不粘锅的涂层真的有毒吗？,2018-02-20,1698247,34349,,1072
PUCLToWjMKs,小高姐的 Magic Ingredients,煎牛排的那些事 小高姐6分钟内全部讲清楚,2018-02-13,5517886,81893,,4014
vnkbmY3aIts,小高姐的 Magic Ingredients,枣馍  几种简单的造型 最适合家庭制作,2018-02-09,2231164,25654,,861
BaYhUKLXa4A,小高姐的 Magic Ingredients,炒锅选购（ 铝锅 铜锅 不锈钢锅）本来可以当厨神，结果毁在炒锅上了,2018-02-07,1805985,40413,,1043
_-JdGn3EWZQ,小高姐的 Magic Ingredients,炸鱼排 如何调面糊，挂浆，炸出酥脆的纹路,2018-02-02,1930680,35015,,823
pQvLgXIjrww,小高姐的 Magic Ingredients,无水烧南瓜 甘面 香甜 你确定不是烤出来的吗？,2018-01-29,1418241,19500,,721
OjfdhlW4aIk,小高姐的 Magic Ingredients,烧鸡 免油炸 水煮三黄鸡的技巧,2018-01-24,1107989,14971,,1047
dPmTItb2jr0,小高姐的 Magic Ingredients,红烧带鱼 炒糖色的方法,2018-01-17,549702,7180,,493
e9vpCrCtYIQ,小高姐的 Magic Ingredients,炸麻叶 / 排叉  几种传统的翻花手法,2018-01-12,2410015,31304,,1214
XRVox5pVPQU,小高姐的 Magic Ingredients,牛肉馅饼,2018-01-05,5455811,163443,,4753
p68A0oE_KaU,小高姐的 Magic Ingredients,杏仁饼干,2017-12-30,220701,5189,,1112
IHYfHfDWvtY,小高姐的 Magic Ingredients,水煎包,2017-12-26,2941665,56342,,1604
DBEpw0WCL8s,小高姐的 Magic Ingredients,脆皮鸡,2017-12-20,1221091,19965,,916
uHdFea95PLU,小高姐的 Magic Ingredients,蒸馒头 松软香甜  回味无穷 只要三种原料,2017-12-12,3543676,48792,,3516
NVEPVd5EpIs,小高姐的 Magic Ingredients,酸黄瓜 无需泡菜引子，简单方法 7天就好,2017-12-09,714345,13639,,646
-NVRSRLi4EM,小高姐的 Magic Ingredients,炸馓子 美丽扇形 超级酥脆,2017-12-05,476655,8712,,449
G9lruCgeV8w,小高姐的 Magic Ingredients,刀具 如何正确购买厨房刀,2017-12-01,813047,19986,,1559
W2Da1cEGud4,小高姐的 Magic Ingredients,炒凉粉  一个简单窍门 轻松制作完美凉粉,2017-11-25,716907,13930,,820
UmPB-oUVFvg,小高姐的 Magic Ingredients,枣沫糊 稠稠的 甜甜的 只用一种原料就能做出的养生美味,2017-11-22,168157,6247,,373
38XuHv8Rgig,小高姐的 Magic Ingredients,油泼面 /  裤带面   简单和面的技巧,2017-11-18,2557971,60985,,2497
7oDOloEnt2M,小高姐的 Magic Ingredients,拨面鱼 一根筷子一个碗，做出北方最美味的面食,2017-11-14,877819,25288,,1644
Tg08ClFnTS0,小高姐的 Magic Ingredients,牛肉米线 温暖的早晨就由这碗米线开始吧！,2017-11-09,532857,15348,,423
esz2fBMGkPE,小高姐的 Magic Ingredients,酱牛肉 肉酥 筋软 味道香 三酱牛肉的秘诀,2017-11-06,3547906,89019,,3275
pW9tE2Il6gc,小高姐的 Magic Ingredients,鸡蛋饼 不要问我为什么 面粉就是这么神奇,2017-11-01,3090140,156453,,2141
ZHHAgWD55hU,小高姐的 Magic Ingredients,月牙饼 为什么有千年历史的老饼可以流传到今？,2017-10-28,444718,12854,,636
OFPh8FynvjQ,小高姐的 Magic Ingredients,水盆羊肉 几块羊肉炖一大锅汤 全家都吃好,2017-10-25,987010,36966,,1180
uRc3F6uwR3E,小高姐的 Magic Ingredients,炸油条 千锤百炼的配方 最适合家庭制作,2017-10-20,7637629,162138,,4911
sP0kFDH33zA,小高姐的 Magic Ingredients,炒饼 北方最具特色的一道菜/饭,2017-10-14,322723,10282,,583
S_b8FgKy7Ug,小高姐的 Magic Ingredients,烙的是什么饼 手法太神奇了,2017-10-11,605846,18550,,643
EYqCUta3N9o,小高姐的 Magic Ingredients,尖椒炒鸡蛋,2017-10-07,110327,2851,,120
3SGu2_cJIgc,小高姐的 Magic Ingredients,溏心鸡蛋 滋味美妙的蛋黄是如何做出来的,2017-10-05,510384,15910,,392
nZXCXZ8JpJ8,小高姐的 Magic Ingredients,葱油大饼 内层松软无比 外皮焦酥至极,2017-10-02,1523156,32873,,998
GlKk0Wy5e5A,小高姐的 Magic Ingredients,荷包蛋 轻松做出形状完整的水煮荷包蛋,2017-09-29,976636,9604,,258
QXKqAeYP9o0,小高姐的 Magic Ingredients,煎鸡蛋 的小窍门 用这个方法煎的鸡蛋外围焦酥 内心柔软,2017-09-27,122540,3424,,150
5bnf8eZXWDI,小高姐的 Magic Ingredients,炸鸡蛋 一锅的热油 打一个生鸡蛋 顿时开了花,2017-09-25,821792,8125,,716
nIL7TJ992aI,小高姐的 Magic Ingredients,炸薯丝 餐馆里高档菜 成本其实不到一块钱,2017-09-23,334232,8799,,255
REul5ZIAW4g,小高姐的 Magic Ingredients,炸薯片 一块钱的土豆变一大盘脆薯片 再也不用买薯片了,2017-09-21,1072575,26585,,754
MBxR1iQnKvY,小高姐的 Magic Ingredients,炸薯条,2017-09-19,540277,9927,,462
1TwNk1w8bMQ,小高姐的 Magic Ingredients,凉拌土豆丝 Shredded Potato Salad  [Eng Sub],2017-09-17,361240,10721,,197
_LMetZuXoeI,小高姐的 Magic Ingredients,摊煎饼 柔软而有韧性 卷菜也不会破,2017-09-12,3109275,60550,,1670
GSck2h_XqAE,小高姐的 Magic Ingredients,西红柿煎饼,2017-09-09,272181,5615,,227
hZlVZ1YDcAc,小高姐的 Magic Ingredients,韭菜盒子 外皮脆 内皮软 真心好吃,2017-09-06,1510908,25734,,731
aQwvp0Dm0hk,小高姐的 Magic Ingredients,孜然牛肉 只要四味调料 就能做出西安美味,2017-09-01,542555,15352,,642
doLKQ00rgg0,小高姐的 Magic Ingredients,切西瓜 三种方法 两分钟就学会,2017-08-29,6920351,64131,,768
Jcn-gbF7JyU,小高姐的 Magic Ingredients,饺子  西红柿牛肉馅,2017-08-25,1638902,28016,,1553
Q8kLOh1s1d0,小高姐的 Magic Ingredients,红烧牛肉面,2017-08-21,1356081,31279,,1164
v0Oiuuvd0w4,小高姐的 Magic Ingredients,春饼  薄如蝉翼 软如绢帛 3分钟教会你,2017-08-14,3575840,74140,,1897
4ygik1MA7v0,小高姐的 Magic Ingredients,酸汤水饺,2017-08-08,1221220,29044,,1234
k2Gs05rNveA,小高姐的 Magic Ingredients,浆水面,2017-08-04,187061,4443,,529
cAIWFG6CDlQ,小高姐的 Magic Ingredients,涮牛肚 西安夜市小吃,2017-07-31,126509,3807,,248
se6rv_WY3zE,小高姐的 Magic Ingredients,紫薯饼 世间竟然有如此好吃的饼！,2017-07-26,466664,9507,,465
MpDKDTzuQNg,小高姐的 Magic Ingredients,扔过来一坨泥，我把它变成漂亮的印花小瓷碗,2017-07-22,150557,6133,,463
FllFBqyJiYU,小高姐的 Magic Ingredients,凉拌萝卜 小窍门切萝卜 还在用筷子的看过来,2017-07-19,309117,4039,,184
fq0UVAUC-1s,小高姐的 Magic Ingredients,泡菜的做法 （水清 不长白膜） 记住这6个要点,2017-07-16,842786,18381,,894
rFzYiNk1HpQ,小高姐的 Magic Ingredients,臊子面,2017-07-13,1495755,15476,,1026
JLMVliKYshs,小高姐的 Magic Ingredients,手擀面,2017-07-10,1175709,11527,,865
Ev8jCSlZi30,小高姐的 Magic Ingredients,西安麻酱凉皮  简易凉皮的做法,2017-07-07,535750,5873,,406
CXCpqEYIVNE,小高姐的 Magic Ingredients,手抓饼,2017-07-03,1134993,11907,,545
Db1Fx0HXY5E,小高姐的 Magic Ingredients,牛肉煎饺,2017-06-28,511961,7300,,415
f3kDr_gW_io,小高姐的 Magic Ingredients,【冻柠檬茶/ 冰红茶 】 柠檬腌制一下会更好喝,2017-06-22,461485,7808,,342
xxcISi2stJ0,小高姐的 Magic Ingredients,西安凉皮系列  【秦镇米皮】 无需料理机　开水温水比例是关键,2017-06-20,335049,4458,,602
1054NgOW-pg,小高姐的 Magic Ingredients,葱油蒜香煎三文鱼,2017-06-15,1017010,8488,,511
liyy9eb2xb0,小高姐的 Magic Ingredients,【西安油泼辣子】 简易法 点醋前后辣椒油颜色明显不同,2017-06-09,393043,5592,,408
bXwnpKCiGM8,小高姐的 Magic Ingredients,【鸡丝凉面】  意大利细面（capellini）带来的惊喜,2017-06-06,512482,6629,,299
lxcHCgObobg,小高姐的 Magic Ingredients,西安牛羊肉泡馍 (3) 牛肉泡馍,2017-06-03,248038,2407,,346
_6vQ1YbzS_M,小高姐的 Magic Ingredients,西安牛羊肉泡馍 （2） 西安辣子酱,2017-05-31,97959,1309,,74
azxukQgiap0,小高姐的 Magic Ingredients,西安牛羊肉泡馍 （1）   腌糖蒜,2017-05-29,604692,6368,,410
Hbsd4S7G7xI,小高姐的 Magic Ingredients,【蜂蜜凉粽子】 一片粽叶三角粽子的包法 简单容易,2017-05-26,175911,2385,,171
XMm7ALEiTI0,小高姐的 Magic Ingredients,桂花酱,2017-05-25,224355,2432,,145
DxMLu80eKmE,小高姐的 Magic Ingredients,烤羊排,2017-05-20,684895,5374,,878
oUpiSLBYyZQ,小高姐的 Magic Ingredients,葱油饼,2017-05-16,1671653,17818,,686
9rbwMkpdjQE,小高姐的 Magic Ingredients,鸡蛋糕,2017-05-12,2301009,22132,,1128
eXr1OGq3ZQ8,小高姐的 Magic Ingredients,西安肉丸胡辣汤,2017-05-11,335582,4118,,474
s5SsM6hBM5Y,小高姐的 Magic Ingredients,新买的火锅炉（Iwatani Slim CB-AS-1）到了,2017-05-09,73694,724,,87
OQTz_WsTjhs,小高姐的 Magic Ingredients,鸡蛋灌饼的做法,2017-05-07,497324,5650,,304
CORLpRkjPr8,小高姐的 Magic Ingredients,西安小吃 油馍,2017-05-05,108163,953,,67
0W6A4HiqgtA,小高姐的 Magic Ingredients,烙烧饼,2017-05-02,512823,5351,,375
Y4EO2IjTYgE,小高姐的 Magic Ingredients,爆米花,2017-04-28,201267,2595,,130
uzN3J9sd4GY,小高姐的 Magic Ingredients,煎饼果子,2017-04-17,1814467,21307,,1839
XoMap4cZteA,小高姐的 Magic Ingredients,花生糖 Peanut Brittle,2017-04-14,147752,2144,,147
ltN4CKKwB1g,小高姐的 Magic Ingredients,西安腊牛肉,2017-04-09,545433,7216,,593
khOYeire4k8,小高姐的 Magic Ingredients,油泼扯面,2017-04-07,350846,4002,,420
ZKhdpIytCyw,小高姐的 Magic Ingredients,油茶  麻花 （汤茶 面茶）,2017-03-30,112414,1418,,143
qsbJrkgRq4U,小高姐的 Magic Ingredients,麻花,2017-03-28,402867,4291,,291
CazNUR3bK3s,小高姐的 Magic Ingredients,酸奶 Thick Yogurt,2017-03-23,738239,10496,,573
xpfJULa1-Sg,小高姐的 Magic Ingredients,凉皮 岐山擀面皮 蒸擀面皮（4）,2017-03-21,220673,2391,,489
czMZlxUi7Vg,小高姐的 Magic Ingredients,陕西凉皮 岐山擀面皮 凉皮醋（3）,2017-03-17,82878,533,,59
LrHDzlZSp18,小高姐的 Magic Ingredients,西安凉皮  岐山擀面皮  洗面筋（2）,2017-03-15,380578,2720,,313
poa-ULdvZSo,小高姐的 Magic Ingredients,陕西西安凉皮--岐山擀面皮之油泼辣子（1）,2017-03-13,159503,1834,,211
uWyOsbPK5RE,小高姐的 Magic Ingredients,Potato Flatbread / Roti,2017-03-07,466948,5977,,225
PZxXWcOIZgs,小高姐的 Magic Ingredients,Fluffy Pancakes,2017-03-01,140662,1866,,151
bg7aiKnC5Q0,小高姐的 Magic Ingredients,Hasselback Potatoes,2017-02-23,141469,2352,,61
OZuJPAmhq4o,小高姐的 Magic Ingredients,Bake Sweet Potato in Oven,2017-02-17,436496,4109,,168
WclzrrM5UJ8,小高姐的 Magic Ingredients,Maple Syrup Cookies with Pistachios and Sprinkles,2017-02-13,19147,209,,10
ZbxfV018lCo,小高姐的 Magic Ingredients,How to Make Hash Browns,2017-02-09,28886,305,,13
LyWaR75SWIM,小高姐的 Magic Ingredients,Avocado Salad with Wasabi,2017-02-06,90073,1273,,92
rYlL0oOMFq0,小高姐的 Magic Ingredients,How to Make Chinese Style Steamed Whole Fish,2016-12-21,68563,639,,27
RcQPRqhDGSs,小高姐的 Magic Ingredients,How to Make Chocolate Chip Cookies,2016-12-14,44393,558,,
Yxfs-_wkEdA,小高姐的 Magic Ingredients,Freshly Brewed Coffee with a French Press --Stop Motion Cooking,2016-12-12,34395,406,,29
K3zM-veAXjY,小高姐的 Magic Ingredients,Slow Cooker Recipe--Homemade Yogurt with Golden Kiwi and Honey,2016-12-02,15267,148,,11
xefpyETBXG8,小高姐的 Magic Ingredients,Homemade Hot Chocolate,2016-11-26,34299,360,,13
jJCBXSAZz08,小高姐的 Magic Ingredients,Slow Cooker Recipe Chicken Soup | Chicken Stock with Shiitake Mushrooms and Ginger,2016-11-25,47788,310,,22
1Njuf2beNpw,小高姐的 Magic Ingredients,Slow Cooker Recipe --Whole Spring Chicken Stew with Shiitake Mushrooms,2016-11-24,27165,284,,23
KBMoAVdPv2U,小高姐的 Magic Ingredients,Beef Noodle Soup ---  Slow Cooker Recipe,2016-11-14,150357,1321,,83
